id,Name,Email,Phonenumber,Gender,Salary,Age,Companyname
1,Tani,Tani@gmail.com,7555270741,Female,33881,38,ABC
2,Shandie,Shandie@gmail.com,6594145016,Female,21515,31,DEF
3,Concettina,Concettina@gmail.com,7695594830,Male,11005,35,GHI
4,Sean,Sean@gmail.com,1561990699,Female,27914,25,DEF
5,Imojean,Imojean@gmail.com,7030120310,Male,46828,37,GHI
6,Annabela,Annabela@gmail.com,2211557699,Male,43399,26,ABC
7,Lila,Lila@gmail.com,4876379902,Female,34645,36,ABC
8,Kaja,Kaja@gmail.com,9799651821,Male,11382,32,DEF
9,Gaylene,Gaylene@gmail.com,8526834822,Male,37925,36,GHI
10,Miquela,Miquela@gmail.com,8846216903,Male,13638,28,DEF
11,Cathie,Cathie@gmail.com,2000916353,Male,38058,40,GHI
12,Mady,Mady@gmail.com,5770513275,Female,21902,34,ABC
13,Louella,Louella@gmail.com,9975910392,Female,39350,39,ABC
14,Karly,Karly@gmail.com,3572517404,Male,21263,27,DEF
15,Ardenia,Ardenia@gmail.com,1131310108,Male,32019,40,GHI
16,Adelle,Adelle@gmail.com,9889251344,Female,41129,42,DEF
17,Jerry,Jerry@gmail.com,2390712549,Female,21316,33,GHI
18,Brena,Brena@gmail.com,3836004244,Female,47475,44,ABC
19,Rosaline,Rosaline@gmail.com,5018141389,Female,19951,34,ABC
20,Quintina,Quintina@gmail.com,3236080824,Male,36212,38,DEF
